<?xml version="1.0" encoding="UTF-8"?>
<project-private xmlns="http://www.netbeans.org/ns/project-private/1">
    <editor-bookmarks xmlns="http://www.netbeans.org/ns/editor-bookmarks/2" lastBookmarkId="1">
        <file>
            <url>web/js/AjaxPageLoad.js</url>
            <bookmark id="1">
                <name/>
                <line>36</line>
                <key/>
            </bookmark>
        </file>
    </editor-bookmarks>
    <open-files xmlns="http://www.netbeans.org/ns/projectui-open-files/2">
        <group>
            <file>file:/E:/HRS-%20Web%20Project/HRS-WEB/web/AjaxPages/Report-list.jsp</file>
            <file>file:/E:/HRS-%20Web%20Project/HRS-WEB/web/home.jsp</file>
        </group>
    </open-files>
</project-private>
